video_id,frame,response
V01,0001.jpg,none
V01,0004.jpg,None
V01,0005.jpg,None
V01,0010.jpg,None
V01,0012.jpg,None
V01,0013.jpg,None
V01,0015.jpg,None
V01,0016.jpg,None
V01,0023.jpg,None
V01,0032.jpg,None
V01,0038.jpg,Arduino Uno
V01,0042.jpg,None
V01,0049.jpg,None
V01,0053.jpg,None
V01,0055.jpg,None
V01,0068.jpg,None
V01,0070.jpg,None
V01,0072.jpg,None
V01,0080.jpg,None
V01,0082.jpg,None
V01,0083.jpg,None
V01,0085.jpg,None
V01,0088.jpg,None
V01,0091.jpg,None
V01,0093.jpg,None
V01,0097.jpg,Arduino Uno
V01,0101.jpg,None
V01,0103.jpg,None
V01,0141.jpg,None
V01,0142.jpg,None
V01,0147.jpg,None
V01,0160.jpg,None
V01,0162.jpg,None
V01,0165.jpg,none
V01,0168.jpg,None
V01,0170.jpg,None
V01,0173.jpg,None
V01,0175.jpg,None
V01,0180.jpg,Arduino Uno
V01,0182.jpg,Ultrasonic sensor
V01,0184.jpg,None
V01,0186.jpg,None
V01,0188.jpg,None
V01,0190.jpg,None
V01,0193.jpg,None
V01,0194.jpg,None
V01,0197.jpg,None
V01,0198.jpg,None
V01,0200.jpg,None
V01,0201.jpg,None
V01,0203.jpg,None
V01,0205.jpg,None
V01,0208.jpg,none
V01,0210.jpg,Raspberry Pi
V01,0212.jpg,Raspberry Pi
V01,0219.jpg,None
V01,0220.jpg,None
V01,0221.jpg,None
V01,0223.jpg,None
V01,0234.jpg,None
V01,0235.jpg,Arduino Uno
V01,0239.jpg,None
V01,0243.jpg,None
V01,0244.jpg,none
V01,0245.jpg,None
V02,0001.jpg,"- Arduino Uno
- USB cable"
V02,0005.jpg,"Breadboard
Jumper wires"
V02,0007.jpg,- Arduino Uno
V02,0009.jpg,None
V02,0013.jpg,Arduino Uno
V02,0018.jpg,Arduino Uno
V02,0019.jpg,None
V02,0021.jpg,Arduino Uno
V02,0023.jpg,Arduino Uno
V02,0050.jpg,None
V02,0055.jpg,Arduino Uno
V02,0062.jpg,"Arduino Uno
breadboard
jumper wires"
V02,0165.jpg,Raspberry Pi
V02,0166.jpg,Arduino Uno
V02,0177.jpg,None
V02,0183.jpg,none
V02,0188.jpg,None
V02,0192.jpg,None
V02,0211.jpg,None
V02,0213.jpg,Arduino Uno
V02,0242.jpg,Arduino Uno
V02,0249.jpg,None
V03,0001.jpg,Jumper wires
V03,0012.jpg,None
V03,0047.jpg,None
V03,0059.jpg,None
V03,0064.jpg,None
V03,0066.jpg,None
V03,0069.jpg,None
V03,0081.jpg,none
V03,0085.jpg,None
V03,0091.jpg,Breadboard
V03,0095.jpg,None
V03,0101.jpg,Breadboard
V03,0105.jpg,None
V03,0112.jpg,USB cable
V03,0121.jpg,None
V03,0126.jpg,Arduino Uno
V03,0132.jpg,None
V03,0134.jpg,None
V03,0160.jpg,None
V03,0193.jpg,None
V03,0233.jpg,None
V04,0001.jpg,None
V04,0003.jpg,None
V04,0006.jpg,None
V04,0012.jpg,None
V04,0067.jpg,Raspberry Pi
V04,0092.jpg,None
V04,0230.jpg,None
V04,0255.jpg,none
V04,0308.jpg,None
V04,0311.jpg,None
V04,0317.jpg,None
V05,0001.jpg,None
V05,0019.jpg,None
V05,0025.jpg,None
V05,0026.jpg,"Arduino Uno
Breadboard
Jumper wires"
V05,0046.jpg,Arduino Uno
V05,0051.jpg,Arduino Uno
V05,0076.jpg,None
V05,0081.jpg,None
V05,0088.jpg,Arduino Uno
V05,0095.jpg,None
V05,0097.jpg,Arduino Uno
V05,0105.jpg,None
V05,0119.jpg,None
V05,0125.jpg,Arduino Uno
V05,0133.jpg,Arduino Uno
V05,0135.jpg,None
V05,0139.jpg,Arduino Uno
V05,0146.jpg,None
V05,0157.jpg,None
V05,0187.jpg,None
V05,0189.jpg,None
V05,0193.jpg,None
V05,0197.jpg,None
V05,0200.jpg,None
V05,0201.jpg,"Arduino Uno
Breadboard
Jumper wires
USB cable"
V05,0234.jpg,"Arduino Uno
Breadboard
Jumper wires"
V05,0246.jpg,None
V05,0355.jpg,None
V05,0360.jpg,None
V05,0362.jpg,Arduino Uno
V05,0363.jpg,None
V05,0364.jpg,none
V05,0365.jpg,None
V05,0372.jpg,None
V05,0373.jpg,None
V05,0374.jpg,None
V05,0375.jpg,None
V05,0377.jpg,16x2 LCD display
V05,0378.jpg,None
V05,0381.jpg,None
V05,0384.jpg,None
V05,0385.jpg,None
V05,0386.jpg,- Arduino Uno
V05,0387.jpg,None
V05,0388.jpg,Arduino Uno
V05,0389.jpg,None
V05,0390.jpg,None
V05,0391.jpg,None
V05,0392.jpg,none
V05,0393.jpg,None
V05,0394.jpg,None
V05,0397.jpg,None
V05,0398.jpg,None
V05,0401.jpg,None
V05,0407.jpg,None
V06,0001.jpg,Arduino Uno
V06,0008.jpg,Arduino Uno
V06,0016.jpg,None
V06,0019.jpg,HC-SR04 ultrasonic sensor
V06,0021.jpg,None
V06,0029.jpg,HC-SR04
V06,0040.jpg,None
V06,0041.jpg,None
V06,0042.jpg,OLED display
V06,0043.jpg,None
V06,0044.jpg,None
V06,0046.jpg,HC-SR04 ultrasonic sensor
V06,0050.jpg,None
V06,0052.jpg,None
V06,0057.jpg,None
V06,0059.jpg,None
V06,0061.jpg,None
V06,0062.jpg,None
V06,0063.jpg,OLED display
V06,0066.jpg,None
V06,0093.jpg,None
V06,0097.jpg,None
V06,0099.jpg,none
V06,0101.jpg,HC-SR04
V06,0103.jpg,None
V06,0106.jpg,None
V06,0107.jpg,None
V06,0108.jpg,None
V06,0110.jpg,None
V06,0112.jpg,"- 16x2 LCD display
- I2C LCD module
- LED
- resistor
- potentiometer
- pushbutton
- capacitor
- buzzer
- breadboard
- jumper wires
- USB cable
- servo motor"
V06,0125.jpg,Arduino Uno
V06,0136.jpg,None
V06,0137.jpg,None
V06,0138.jpg,Arduino Uno
V06,0139.jpg,None
V06,0142.jpg,None
V06,0145.jpg,Arduino Uno
V06,0148.jpg,None
V06,0150.jpg,None
V06,0152.jpg,None
V06,0153.jpg,None
V06,0154.jpg,None
V06,0156.jpg,None
V06,0159.jpg,None
V06,0162.jpg,None
V06,0173.jpg,Arduino Uno
V06,0175.jpg,Arduino Uno
V06,0179.jpg,None
V06,0184.jpg,None
V06,0187.jpg,None
V06,0188.jpg,None
V06,0191.jpg,None
V06,0196.jpg,None
V06,0198.jpg,None
V06,0201.jpg,Arduino Uno
V06,0202.jpg,none
V06,0211.jpg,Arduino Uno
V06,0223.jpg,None
V06,0250.jpg,None
V06,0270.jpg,"Breadboard
Jumper wires
LED
Resistor"
V06,0345.jpg,None
V06,0347.jpg,Arduino Uno
V06,0378.jpg,None
V07,0001.jpg,None
V07,0002.jpg,None
V07,0008.jpg,None
V07,0013.jpg,None
V07,0015.jpg,None
V07,0019.jpg,None
V07,0022.jpg,None
V07,0028.jpg,None
V07,0035.jpg,None
V07,0038.jpg,None
V07,0039.jpg,None
V07,0056.jpg,None
V07,0065.jpg,Arduino Uno
V07,0069.jpg,None
V07,0077.jpg,None
V07,0080.jpg,None
V07,0084.jpg,None
V07,0085.jpg,Arduino Uno
V07,0089.jpg,None
V07,0091.jpg,None
V07,0092.jpg,None
V07,0093.jpg,Arduino Uno
V07,0108.jpg,None
V07,0110.jpg,"- Arduino Uno
- HC-SR04 ultrasonic sensor
- DHT22 sensor
- resistor"
V07,0119.jpg,None
V07,0120.jpg,None
V07,0129.jpg,Arduino Uno
V07,0150.jpg,none
V07,0153.jpg,None
V07,0158.jpg,None
V07,0161.jpg,None
V07,0164.jpg,none
V07,0169.jpg,None
V07,0178.jpg,HC-SR04 ultrasonic sensor
V07,0189.jpg,None
V08,0001.jpg,None
V08,0004.jpg,None
V08,0007.jpg,none
V08,0008.jpg,None
V08,0012.jpg,None
V08,0016.jpg,None
V08,0017.jpg,None
V08,0021.jpg,none
V08,0027.jpg,None
V08,0031.jpg,Arduino Uno
V08,0036.jpg,Arduino Uno
V08,0047.jpg,Arduino Uno
V08,0069.jpg,None
V08,0071.jpg,None
V08,0072.jpg,None
V08,0074.jpg,Raspberry Pi
V08,0076.jpg,None
V08,0077.jpg,Arduino Uno
V08,0078.jpg,None
V08,0080.jpg,None
V08,0081.jpg,None
V08,0082.jpg,None
V08,0083.jpg,None
V08,0084.jpg,None
V08,0085.jpg,None
V08,0087.jpg,None
V08,0089.jpg,None
V08,0090.jpg,None
V08,0091.jpg,Jumper wires
V08,0092.jpg,None
V08,0093.jpg,None
V08,0097.jpg,None
V08,0098.jpg,Breadboard
V08,0099.jpg,Arduino Uno
V08,0101.jpg,Arduino Uno
V08,0105.jpg,Arduino Uno
V08,0106.jpg,None
V08,0117.jpg,"Breadboard, jumper wires,"
V08,0118.jpg,None
V08,0159.jpg,- Arduino Uno
V08,0164.jpg,None
V08,0165.jpg,None
V08,0171.jpg,Arduino Uno
V08,0175.jpg,None
V08,0181.jpg,None
V08,0188.jpg,None
V08,0190.jpg,None
V08,0192.jpg,None
V08,0194.jpg,None
V09,0001.jpg,Arduino Uno
V09,0035.jpg,None
V09,0043.jpg,None
V09,0045.jpg,None
V09,0055.jpg,None
V09,0056.jpg,None
V09,0058.jpg,None
V09,0059.jpg,None
V09,0065.jpg,None
V09,0066.jpg,None
V09,0068.jpg,Arduino Uno
V09,0075.jpg,Arduino Uno
V09,0091.jpg,None
V09,0125.jpg,- Arduino Uno
V09,0150.jpg,"- Arduino Uno
- 16x2 LCD display
- OLED display
- LED
- resistor
- potentiometer
- pushbutton
- capacitor
- buzzer
- breadboard
- jumper wires
- servo motor
- DC motor
- relay module
- L298N motor driver"
V09,0191.jpg,None
V09,0192.jpg,none
V09,0278.jpg,None
V09,0416.jpg,Arduino Uno
V09,0565.jpg,None
V09,0586.jpg,Arduino Uno
V10,0001.jpg,None
V10,0011.jpg,None
V10,0013.jpg,Arduino Uno
V10,0014.jpg,Arduino Uno
V10,0015.jpg,None
V10,0016.jpg,None
V10,0018.jpg,Arduino Uno
V10,0020.jpg,None
V10,0021.jpg,None
V10,0025.jpg,None
V10,0029.jpg,None
V10,0050.jpg,None
V10,0053.jpg,None
V10,0057.jpg,None
V10,0069.jpg,None
V10,0071.jpg,None
V10,0072.jpg,None
V10,0073.jpg,None
V10,0074.jpg,None
V10,0077.jpg,None
V10,0083.jpg,Arduino Uno
V10,0150.jpg,None
V10,0181.jpg,None
V10,0187.jpg,None
V10,0188.jpg,Raspberry Pi
V10,0194.jpg,None
V10,0203.jpg,None
V10,0210.jpg,Arduino Uno
V10,0211.jpg,None
V10,0231.jpg,None
V10,0238.jpg,None
V10,0244.jpg,None
V10,0250.jpg,Arduino Uno
V10,0262.jpg,None
V10,0267.jpg,None
V10,0272.jpg,None
V10,0277.jpg,None
V10,0279.jpg,None
V10,0281.jpg,None
V10,0291.jpg,None
V10,0292.jpg,None
V10,0294.jpg,None
V10,0307.jpg,Arduino Uno
V10,0308.jpg,None
V10,0321.jpg,None
V10,0322.jpg,None
V10,0339.jpg,None
V10,0343.jpg,None
V10,0346.jpg,Arduino Uno
V10,0356.jpg,None
V10,0359.jpg,None
V10,0360.jpg,Arduino Uno
V10,0372.jpg,None
V10,0381.jpg,None
V10,0384.jpg,None
V10,0385.jpg,None
V10,0386.jpg,Arduino Uno
V10,0387.jpg,None
V10,0391.jpg,None
V10,0395.jpg,None
V10,0396.jpg,None
V10,0398.jpg,None
V10,0415.jpg,None
V10,0430.jpg,none
V10,0443.jpg,Arduino Uno
V10,0450.jpg,None
V10,0476.jpg,None
V10,0491.jpg,None
V10,0495.jpg,None
V10,0517.jpg,None
V10,0527.jpg,Arduino Uno
V10,0528.jpg,Arduino Uno
V10,0531.jpg,Arduino Uno
V10,0537.jpg,Arduino Uno
V10,0538.jpg,None
V10,0593.jpg,None
V10,0659.jpg,None
V10,0665.jpg,None
V10,0701.jpg,None
V11,0001.jpg,Arduino Uno
V11,0006.jpg,None
V11,0007.jpg,None
V11,0008.jpg,none
V11,0009.jpg,Arduino Uno
V11,0010.jpg,Arduino Uno
V11,0011.jpg,Arduino Uno
V11,0013.jpg,Arduino Uno
V11,0017.jpg,Arduino Uno
V11,0019.jpg,None
V11,0025.jpg,None
V11,0034.jpg,none
V11,0039.jpg,none
V11,0043.jpg,Arduino Uno
V11,0045.jpg,16x2 LCD display
V11,0050.jpg,None
V11,0054.jpg,16x2 LCD display
V11,0058.jpg,None
V11,0062.jpg,none
V11,0067.jpg,None
V11,0068.jpg,None
V11,0072.jpg,None
V11,0075.jpg,None
V11,0078.jpg,Arduino Uno
V11,0079.jpg,None
V11,0081.jpg,Arduino Uno
V11,0085.jpg,Arduino Uno
V11,0087.jpg,None
V11,0088.jpg,None
V11,0092.jpg,Arduino Uno
V11,0100.jpg,Arduino Uno
V11,0103.jpg,Arduino Uno
V11,0105.jpg,None
V11,0107.jpg,None
V11,0109.jpg,None
V11,0112.jpg,Arduino Uno
V11,0114.jpg,None
V11,0119.jpg,None
V11,0121.jpg,None
V11,0122.jpg,None
V11,0124.jpg,USB cable
V11,0129.jpg,Arduino Uno
V11,0132.jpg,Arduino Uno
V11,0133.jpg,None
V11,0135.jpg,None
V11,0137.jpg,Arduino Uno
V11,0152.jpg,Arduino Uno
V11,0161.jpg,Arduino Uno
V11,0162.jpg,Arduino Uno
V11,0166.jpg,None
V11,0169.jpg,None
V11,0183.jpg,None
V11,0189.jpg,None
V11,0236.jpg,None
V11,0242.jpg,None
V11,0269.jpg,None
V11,0273.jpg,None
V11,0319.jpg,None
V11,0325.jpg,None
V11,0412.jpg,Arduino Uno
V11,0424.jpg,None
V11,0465.jpg,None
V11,0476.jpg,Arduino Uno
V11,0484.jpg,None
V11,0485.jpg,None
V11,0505.jpg,None
V11,0509.jpg,None
V11,0511.jpg,None
V11,0514.jpg,None
V11,0520.jpg,Arduino Uno
V11,0529.jpg,None
V11,0534.jpg,None
V11,0537.jpg,None
V11,0541.jpg,None
V12,0001.jpg,None
V12,0009.jpg,Raspberry Pi
V12,0014.jpg,None
V12,0016.jpg,Arduino Uno
V12,0017.jpg,None
V12,0019.jpg,none
V12,0024.jpg,None
V12,0053.jpg,None
V12,0102.jpg,Arduino Uno
V12,0163.jpg,- Arduino Uno
V12,0210.jpg,None
V12,0224.jpg,None
V12,0239.jpg,None
V12,0241.jpg,None
V12,0255.jpg,None
V12,0258.jpg,None
V12,0263.jpg,None
V12,0284.jpg,None
V12,0285.jpg,none
V12,0290.jpg,None
V12,0299.jpg,None
V12,0307.jpg,None
V12,0390.jpg,none
V13,0001.jpg,None
V13,0023.jpg,None
V13,0025.jpg,None
V13,0028.jpg,None
V13,0051.jpg,None
V13,0052.jpg,None
V13,0054.jpg,None
V13,0055.jpg,None
V13,0056.jpg,None
V13,0069.jpg,Arduino Uno
V13,0079.jpg,Raspberry Pi
V13,0081.jpg,None
V13,0082.jpg,Arduino Uno
V13,0084.jpg,None
V13,0086.jpg,None
V13,0089.jpg,None
V13,0096.jpg,None
V13,0097.jpg,None
V13,0098.jpg,None
V13,0104.jpg,None
V13,0105.jpg,None
V13,0108.jpg,None
V13,0111.jpg,None
V13,0116.jpg,None
V13,0117.jpg,None
V13,0135.jpg,Arduino Uno
V13,0176.jpg,None
V13,0178.jpg,None
V13,0181.jpg,None
V13,0182.jpg,None
V13,0197.jpg,None
V13,0198.jpg,Raspberry Pi
V13,0203.jpg,Raspberry Pi
V13,0211.jpg,None
V13,0222.jpg,None
V13,0229.jpg,None
V13,0231.jpg,Arduino Uno
V13,0232.jpg,None
V13,0240.jpg,Raspberry Pi
V13,0244.jpg,None
V13,0247.jpg,Arduino Uno
V13,0248.jpg,None
V13,0249.jpg,None
V13,0251.jpg,None
V13,0252.jpg,None
V13,0255.jpg,None
V13,0257.jpg,None
V13,0259.jpg,None
V13,0261.jpg,None
V13,0268.jpg,Breadboard
V13,0269.jpg,None
V13,0270.jpg,None
V13,0273.jpg,None
V13,0276.jpg,None
V13,0277.jpg,None
V13,0278.jpg,None
V13,0281.jpg,Raspberry Pi
V13,0282.jpg,none
V13,0289.jpg,None
V13,0290.jpg,Arduino Uno
V13,0291.jpg,Arduino Uno
V13,0294.jpg,None
V13,0298.jpg,Breadboard
V13,0301.jpg,None
V13,0302.jpg,Arduino Uno
V13,0306.jpg,None
V13,0309.jpg,Breadboard
V13,0317.jpg,Arduino Uno
V13,0331.jpg,None
V13,0350.jpg,None
V13,0351.jpg,None
V13,0353.jpg,None
V13,0355.jpg,None
V13,0357.jpg,none
V13,0358.jpg,Arduino Uno
V13,0359.jpg,None
V13,0362.jpg,Arduino Uno
V13,0368.jpg,Arduino Uno
V13,0375.jpg,None
V13,0381.jpg,Arduino Uno
V13,0383.jpg,None
V13,0386.jpg,None
V13,0387.jpg,None
V13,0393.jpg,None
V13,0394.jpg,Arduino Uno
V13,0400.jpg,none
V13,0411.jpg,None
V13,0433.jpg,None
V13,0434.jpg,None
V13,0435.jpg,Arduino Uno
V13,0437.jpg,None
V13,0438.jpg,None
V13,0441.jpg,None
V13,0443.jpg,None
V13,0449.jpg,None
V13,0469.jpg,None
V13,0473.jpg,Arduino Uno
V13,0474.jpg,None
V13,0477.jpg,Breadboard
V13,0478.jpg,Arduino Uno
V13,0479.jpg,None
V13,0484.jpg,None
V13,0486.jpg,None
V13,0511.jpg,None
V13,0513.jpg,Arduino Uno
V13,0514.jpg,None
V13,0516.jpg,None
V13,0517.jpg,None
V13,0518.jpg,None
V13,0521.jpg,None
V13,0523.jpg,None
V13,0524.jpg,None
V13,0525.jpg,None
V13,0527.jpg,None
V13,0528.jpg,Jumper wires
V13,0529.jpg,none
V13,0532.jpg,None
V13,0533.jpg,Resistor
V13,0534.jpg,None
V13,0535.jpg,None
V13,0538.jpg,None
V13,0540.jpg,None
V13,0541.jpg,None
V13,0546.jpg,None
V13,0551.jpg,None
V13,0553.jpg,None
V13,0554.jpg,None
V13,0555.jpg,None
V13,0559.jpg,Arduino Uno
V13,0565.jpg,None
V13,0577.jpg,Arduino Uno
V13,0578.jpg,none
V13,0584.jpg,Breadboard
V13,0593.jpg,Breadboard
V13,0594.jpg,None
V13,0595.jpg,None
V13,0596.jpg,Arduino Uno
V13,0597.jpg,Raspberry Pi
V13,0600.jpg,None
V13,0602.jpg,Arduino Mega 2560
V13,0610.jpg,None
V13,0611.jpg,Raspberry Pi
V13,0612.jpg,Arduino Uno
V13,0615.jpg,Jumper wires
V13,0617.jpg,"- Arduino Uno
- jumper wires"
V13,0618.jpg,Arduino Uno
V13,0620.jpg,None
V13,0621.jpg,None
V13,0623.jpg,Arduino Uno
V13,0625.jpg,None
V13,0626.jpg,none
V13,0628.jpg,Arduino Uno
V13,0632.jpg,None
V13,0635.jpg,None
V13,0638.jpg,None
V13,0639.jpg,none
V13,0641.jpg,None
V13,0644.jpg,None
V13,0648.jpg,None
V13,0650.jpg,None
V13,0655.jpg,None
V13,0664.jpg,None
V13,0665.jpg,None
V13,0667.jpg,Raspberry Pi
V13,0673.jpg,None
V13,0675.jpg,None
V13,0683.jpg,None
V13,0685.jpg,None
V13,0686.jpg,Raspberry Pi
V13,0687.jpg,none
V13,0691.jpg,None
V13,0789.jpg,None
V14,0001.jpg,None
V14,0004.jpg,None
V14,0005.jpg,None
V14,0006.jpg,None
V14,0007.jpg,None
V14,0011.jpg,None
V14,0015.jpg,None
V14,0018.jpg,None
V14,0020.jpg,None
V14,0038.jpg,None
V14,0040.jpg,None
V14,0047.jpg,None
V14,0048.jpg,None
V14,0050.jpg,None
V14,0061.jpg,None
V14,0062.jpg,None
V14,0063.jpg,Buzzer
V14,0067.jpg,Arduino Uno
V14,0068.jpg,Raspberry Pi
V14,0069.jpg,None
V14,0070.jpg,None
V14,0075.jpg,None
V14,0080.jpg,None
V14,0086.jpg,None
V14,0087.jpg,None
V14,0093.jpg,None
V14,0099.jpg,none
V14,0202.jpg,none
V14,0206.jpg,None
V14,0207.jpg,"- Arduino Uno
- LED
- resistor"
V14,0209.jpg,"Arduino Uno
Jumper wires
Breadboard"
V14,0212.jpg,None
V14,0213.jpg,None
V14,0216.jpg,None
V14,0219.jpg,Arduino Uno
V14,0223.jpg,None
V14,0225.jpg,Arduino Uno
V14,0228.jpg,Arduino Uno
V14,0230.jpg,Arduino Uno
V14,0231.jpg,None
V14,0233.jpg,None
V14,0235.jpg,None
V15,0001.jpg,None
V15,0007.jpg,None
V15,0019.jpg,None
V15,0020.jpg,None
V15,0022.jpg,None
V15,0023.jpg,None
V15,0024.jpg,None
V15,0025.jpg,None
V15,0026.jpg,none
V15,0037.jpg,None
V15,0038.jpg,None
V15,0039.jpg,Arduino Uno
V15,0040.jpg,None
V15,0042.jpg,None
V15,0044.jpg,None
V15,0048.jpg,None
V15,0053.jpg,Arduino Uno
V15,0057.jpg,None
V15,0058.jpg,USB cable
V15,0059.jpg,None
V15,0061.jpg,None
V15,0063.jpg,Raspberry Pi
V15,0064.jpg,None
V15,0065.jpg,None
V15,0066.jpg,None
V15,0067.jpg,None
V15,0068.jpg,Raspberry Pi
V15,0084.jpg,None
V15,0085.jpg,None
V15,0086.jpg,Arduino Uno
V15,0091.jpg,Arduino Uno
V15,0099.jpg,None
V15,0100.jpg,None
V15,0101.jpg,None
V15,0103.jpg,None
V15,0104.jpg,None
V15,0106.jpg,Arduino Uno
V15,0108.jpg,None
V15,0110.jpg,None
V15,0111.jpg,Arduino Uno
V15,0112.jpg,None
V15,0115.jpg,None
V15,0119.jpg,None
V15,0120.jpg,None
V15,0121.jpg,None
V15,0123.jpg,Raspberry Pi
V15,0127.jpg,Arduino Uno
V15,0134.jpg,None
V15,0145.jpg,None
V15,0146.jpg,Raspberry Pi
V15,0152.jpg,None
V15,0161.jpg,None
V15,0164.jpg,None
V15,0169.jpg,None
V15,0199.jpg,None
V15,0201.jpg,None
V15,0204.jpg,None
V15,0205.jpg,None
V15,0207.jpg,None
V15,0215.jpg,None
V15,0217.jpg,None
V15,0218.jpg,Arduino Uno
V15,0219.jpg,None
V15,0225.jpg,None
V15,0231.jpg,None
V15,0241.jpg,None
V15,0243.jpg,None
V15,0292.jpg,None
V16,0001.jpg,None
V16,0011.jpg,None
V16,0015.jpg,None
V16,0016.jpg,None
V16,0022.jpg,None
V16,0023.jpg,None
V16,0024.jpg,Arduino Uno
V16,0025.jpg,None
V16,0032.jpg,OLED display
V16,0034.jpg,None
V16,0035.jpg,Arduino Uno
V16,0040.jpg,None
V16,0041.jpg,None
V16,0067.jpg,Arduino Uno
V16,0077.jpg,None
V16,0078.jpg,None
V16,0079.jpg,None
V16,0083.jpg,Arduino Uno
V16,0086.jpg,HC-SR04 ultrasonic sensor
V16,0090.jpg,None
V16,0093.jpg,None
V16,0094.jpg,None
V16,0097.jpg,None
V16,0110.jpg,None
V16,0118.jpg,None
V16,0121.jpg,HC-SR04
V16,0123.jpg,None
V16,0125.jpg,None
V16,0143.jpg,None
V16,0146.jpg,None
V16,0149.jpg,None
V16,0152.jpg,None
V16,0159.jpg,None
V16,0161.jpg,None
V16,0171.jpg,None
V16,0172.jpg,None
V16,0174.jpg,None
V16,0175.jpg,None
V16,0176.jpg,Jumper wires
V16,0178.jpg,None
V16,0184.jpg,None
V16,0186.jpg,Arduino Uno
V16,0190.jpg,None
V16,0192.jpg,Arduino Uno
V16,0195.jpg,none
V16,0196.jpg,None
V16,0197.jpg,None
V16,0198.jpg,None
V16,0201.jpg,None
V16,0204.jpg,Raspberry Pi
V16,0209.jpg,None
V16,0213.jpg,None
V16,0214.jpg,Arduino Uno
V16,0219.jpg,None
V16,0223.jpg,None
V16,0226.jpg,Arduino Mega 2560
V16,0228.jpg,Arduino Uno
V16,0229.jpg,None
V16,0230.jpg,None
V16,0234.jpg,None
V16,0237.jpg,none
V16,0245.jpg,None
V16,0249.jpg,Raspberry Pi
V16,0252.jpg,Raspberry Pi
V16,0256.jpg,None
V16,0263.jpg,None
V16,0266.jpg,Arduino Uno
V16,0267.jpg,Arduino Uno
V16,0268.jpg,None
V16,0270.jpg,Arduino Uno
V16,0271.jpg,None
V16,0274.jpg,HC-SR04 ultrasonic sensor
V16,0275.jpg,None
V16,0276.jpg,Arduino Uno
V16,0277.jpg,None
V16,0285.jpg,None
V16,0303.jpg,None
V16,0310.jpg,"Breadboard
Jumper wires"
V16,0311.jpg,Raspberry Pi
V16,0312.jpg,Breadboard
V16,0315.jpg,HC-SR04
V16,0330.jpg,None
V16,0331.jpg,Jumper wires
V16,0332.jpg,None
V16,0333.jpg,Breadboard
V16,0336.jpg,None
V16,0338.jpg,None
V16,0339.jpg,Arduino Uno
V16,0342.jpg,None
V16,0344.jpg,None
V16,0350.jpg,none
V16,0352.jpg,Arduino Uno
V16,0357.jpg,Jumper wires
V16,0358.jpg,None
V16,0363.jpg,None
V16,0367.jpg,None
V16,0368.jpg,Arduino Uno
V16,0374.jpg,None
V16,0375.jpg,none
V16,0378.jpg,None
V16,0388.jpg,Arduino Uno
V16,0417.jpg,None
V16,0419.jpg,None
V16,0420.jpg,none
V16,0424.jpg,None
V16,0426.jpg,Arduino Uno
V16,0429.jpg,None
V16,0432.jpg,Arduino Uno
V16,0433.jpg,None
V16,0436.jpg,None
V16,0441.jpg,None
V16,0443.jpg,None
V16,0444.jpg,None
V16,0445.jpg,None
V16,0451.jpg,Arduino Uno
V16,0454.jpg,None
V16,0455.jpg,- DHT11 sensor
V16,0457.jpg,HC-SR04
V16,0458.jpg,None
V16,0459.jpg,None
V16,0461.jpg,Raspberry Pi
V16,0464.jpg,"Breadboard
Pushbutton
Jumper wires
LED"
V16,0466.jpg,Arduino Uno
V16,0469.jpg,ESP32
V16,0473.jpg,None
V16,0475.jpg,None
V16,0664.jpg,None
V17,0001.jpg,None
V17,0003.jpg,Raspberry Pi
V17,0007.jpg,None
V17,0009.jpg,None
V17,0014.jpg,None
V17,0016.jpg,None
V17,0021.jpg,none
V17,0022.jpg,None
V17,0023.jpg,None
V17,0027.jpg,None
V17,0079.jpg,USB cable
V17,0082.jpg,None
V17,0085.jpg,None
V17,0090.jpg,None
V17,0097.jpg,None
V17,0108.jpg,none
V17,0110.jpg,None
V17,0111.jpg,None
V17,0113.jpg,Breadboard
V17,0120.jpg,None
V17,0122.jpg,none
V17,0124.jpg,Raspberry Pi
V17,0127.jpg,None
V17,0129.jpg,None
V17,0131.jpg,Arduino Uno
V17,0133.jpg,None
V17,0140.jpg,none
V17,0144.jpg,None
V17,0167.jpg,None
V17,0171.jpg,None
V17,0175.jpg,None
V17,0177.jpg,None
V17,0179.jpg,None
V17,0182.jpg,None
V17,0193.jpg,none
V17,0204.jpg,None
V17,0210.jpg,None
V17,0214.jpg,None
V17,0243.jpg,None
V17,0249.jpg,None
V17,0259.jpg,None
V17,0272.jpg,None
V17,0281.jpg,None
V17,0291.jpg,Arduino Uno
V17,0302.jpg,None
V17,0307.jpg,None
V17,0310.jpg,None
V17,0338.jpg,none
V17,0339.jpg,None
V17,0355.jpg,None
V17,0373.jpg,None
V17,0377.jpg,None
V17,0380.jpg,None
V17,0384.jpg,None
V17,0392.jpg,None
V17,0397.jpg,None
V17,0423.jpg,None
V17,0425.jpg,None
V18,0001.jpg,None
V18,0029.jpg,Raspberry Pi
V18,0034.jpg,"Raspberry Pi
ESP32"
V18,0042.jpg,None
V18,0047.jpg,None
V18,0054.jpg,None
V18,0056.jpg,None
V18,0058.jpg,None
V18,0074.jpg,Arduino Uno
V18,0075.jpg,None
V18,0082.jpg,None
V18,0086.jpg,None
V18,0089.jpg,None
V18,0091.jpg,None
V18,0092.jpg,None
V18,0095.jpg,None
V18,0132.jpg,None
V18,0136.jpg,None
V18,0142.jpg,Arduino Uno
V18,0290.jpg,None
V18,0310.jpg,None
V18,0416.jpg,Arduino Uno
V18,0441.jpg,None
V18,0498.jpg,None
V18,0505.jpg,None
V18,0512.jpg,Arduino Uno
V18,0524.jpg,None
V18,0533.jpg,none
V18,0537.jpg,None
V18,0538.jpg,None
V18,0553.jpg,None
V18,0574.jpg,None
V18,0597.jpg,None
V18,0653.jpg,None
V18,0660.jpg,Raspberry Pi
V18,0662.jpg,none
V18,0666.jpg,none
V18,0671.jpg,None
V18,0672.jpg,None
V18,0679.jpg,None
V18,0687.jpg,None
V18,0742.jpg,None
V18,0745.jpg,None
V18,0749.jpg,None
V18,0754.jpg,None
V18,0760.jpg,None
V18,0766.jpg,None
V18,0780.jpg,None
V18,0797.jpg,None
V18,0836.jpg,None
V19,0001.jpg,None
V19,0017.jpg,Arduino Uno
V19,0046.jpg,Raspberry Pi
V19,0058.jpg,None
V19,0069.jpg,None
V19,0165.jpg,None
V19,0171.jpg,None
V19,0182.jpg,None
V19,0187.jpg,None
V19,0387.jpg,None
